,Angle,Left Hip X,Left Hip Y,Right Hip X,Right Hip Y,Left Knee X,Left Knee Y,Right Knee X,Right Knee Y,Left Foot X,Left Foot Y,Right Foot X,Right Foot Y
0,177.3953496,0.639474511,1.348940372,0.42405957,1.328496933,0.644888759,1.998422742,0.423250973,1.935954571,0.561450243,1.998422742,0.423250973,2.649930477
1,177.7733183,0.640166163,1.369611979,0.425525427,1.363596559,0.644988894,2.026566505,0.428393424,1.984010935,0.568733811,2.026566505,0.428393424,2.720935345
2,177.7824007,0.639846206,1.369295478,0.425168276,1.36475575,0.644755721,2.029643536,0.428385913,1.997012377,0.573356092,2.029643536,0.428385913,2.738598347
3,177.6560862,0.639842927,1.373947263,0.424684614,1.369240999,0.646390915,2.034618378,0.428297907,2.005901098,0.57822144,2.034618378,0.428297907,2.751530409
4,177.5446892,0.639369071,1.373807192,0.422135055,1.368252277,0.647267461,2.037785769,0.428093374,2.008538246,0.577377439,2.037785769,0.428093374,2.757377863
5,177.5568261,0.639376462,1.380635619,0.422119915,1.379337668,0.650263667,2.050753355,0.435513884,2.023362637,0.580397248,2.050753355,0.435513884,2.770435333
6,177.1227313,0.63936466,1.365345716,0.424165875,1.362380505,0.648080468,2.048661709,0.435096115,2.021038055,0.565668702,2.048661709,0.435096115,2.758968353
7,177.124961,0.637763739,1.365508556,0.427515268,1.362030745,0.645910382,2.046280861,0.438125044,2.015035152,0.55930078,2.046280861,0.438125044,2.75914216
8,177.4217285,0.637802601,1.372388482,0.427584559,1.369140744,0.646585584,2.05440855,0.437823594,2.017899513,0.565524578,2.05440855,0.437823594,2.768283606
9,177.439081,0.641385853,1.377423048,0.428238451,1.376194358,0.651157498,2.070738792,0.44301787,2.02685976,0.571136177,2.070738792,0.44301787,2.775285959
10,177.454259,0.64199096,1.37717855,0.429130137,1.375585198,0.65537703,2.067158937,0.446570069,2.023809671,0.588882089,2.067158937,0.446570069,2.770674944
11,177.3875163,0.64215368,1.376981735,0.429094881,1.375382781,0.655490875,2.069200754,0.44579345,2.024329185,0.589825988,2.069200754,0.44579345,2.770859003
12,177.3133564,0.641194642,1.382291794,0.428561747,1.380953431,0.654609263,2.075760126,0.445315182,2.03156209,0.587914526,2.075760126,0.445315182,2.780681133
13,177.5234884,0.640731454,1.383504152,0.428580135,1.38372314,0.650495887,2.079593182,0.443305165,2.031309128,0.586687446,2.079593182,0.443305165,2.781876564
14,177.1661663,0.640081823,1.38848865,0.427409321,1.387119651,0.650484622,2.084308147,0.443098128,2.038641453,0.584826589,2.084308147,0.443098128,2.791190147
15,177.2208468,0.639845788,1.390255094,0.42717129,1.389681458,0.64970094,2.085344791,0.442911923,2.042214394,0.581128061,2.085344791,0.442911923,2.79492569
16,177.1887552,0.640203893,1.393593311,0.427160412,1.393467903,0.650008678,2.096316576,0.442041308,2.047141314,0.58137846,2.096316576,0.442041308,2.800245047
17,176.9861023,0.639953613,1.39055717,0.42715162,1.389886498,0.649977267,2.095978975,0.441859156,2.046096563,0.578103542,2.095978975,0.441859156,2.799285889
18,177.2359709,0.639912963,1.390322328,0.426639408,1.389241934,0.647157431,2.093754768,0.437553942,2.046924114,0.573324621,2.093754768,0.437553942,2.801579237
19,177.3800725,0.639920235,1.390110493,0.426730454,1.388952017,0.647846222,2.092327356,0.439694941,2.04650712,0.576706231,2.092327356,0.439694941,2.802288532
20,177.2948911,0.639919639,1.390054464,0.426816553,1.389559984,0.648280501,2.091279507,0.439667076,2.046374321,0.577278376,2.091279507,0.439667076,2.804153204
21,176.6578578,0.640022337,1.391835928,0.427680641,1.39434886,0.654546976,2.094653845,0.44659695,2.05644989,0.58428216,2.094653845,0.44659695,2.809329987
22,176.6098579,0.639301479,1.391706944,0.427484185,1.393382311,0.653544307,2.094256639,0.442730993,2.055308104,0.576371551,2.094256639,0.442730993,2.808043003
23,177.3277621,0.639359772,1.391956687,0.427402496,1.393121839,0.649163187,2.094141006,0.439868867,2.05482769,0.574056089,2.094141006,0.439868867,2.807102203
24,177.0774223,0.639476895,1.397845507,0.427381516,1.399368167,0.650603235,2.103684902,0.439672947,2.06039238,0.577237129,2.103684902,0.439672947,2.817040443
25,176.897366,0.638699293,1.397899985,0.425373971,1.399146795,0.64793098,2.104502201,0.433151156,2.059698343,0.569297135,2.104502201,0.433151156,2.815772057
26,176.9329375,0.638821423,1.397905588,0.425294548,1.398752093,0.647898912,2.104038239,0.433272779,2.060891628,0.569418967,2.104038239,0.433272779,2.815209866
27,176.9436239,0.639086068,1.397802472,0.425369412,1.398460746,0.649977386,2.104579687,0.433368117,2.060457945,0.57597661,2.104579687,0.433368117,2.815922022
28,177.4356206,0.63905549,1.401004672,0.425217062,1.401286721,0.646972597,2.108832836,0.432986885,2.065117836,0.574351966,2.108832836,0.432986885,2.819379568
29,177.7604553,0.638763309,1.404488206,0.424362838,1.402979255,0.644930005,2.108682156,0.431853294,2.065401554,0.57414937,2.108682156,0.431853294,2.820138931
30,177.6828047,0.638571024,1.40483892,0.424344689,1.402879238,0.645098686,2.108650446,0.432040215,2.065630674,0.574202657,2.108650446,0.432040215,2.821341038
31,177.5705591,0.638668716,1.408228278,0.424346507,1.408967733,0.645302653,2.118322134,0.432097197,2.075933218,0.57553947,2.118322134,0.432097197,2.83743906
32,177.5348639,0.638834834,1.409209371,0.424316555,1.411431074,0.645519257,2.118099689,0.43283534,2.075990915,0.579149604,2.118099689,0.43283534,2.83722353
33,177.8835721,0.63966912,1.409207821,0.425202519,1.412332535,0.646823764,2.116988659,0.437093496,2.07723856,0.584965408,2.116988659,0.437093496,2.836122274
34,178.2199746,0.639667571,1.409757853,0.424964994,1.413183212,0.644663334,2.116420507,0.437220395,2.078938961,0.581459582,2.116420507,0.437220395,2.835585356
35,178.0970117,0.639911473,1.402122498,0.42486605,1.40107882,0.644332051,2.101030588,0.433329761,2.06738615,0.579651237,2.101030588,0.433329761,2.83073473
36,178.2347119,0.643407941,1.40500176,0.430126518,1.402204275,0.648180604,2.107767582,0.441270262,2.086237192,0.583538592,2.107767582,0.441270262,2.844632864
37,177.7001328,0.648278654,1.406941175,0.429954469,1.406366944,0.656336546,2.12543869,0.439882517,2.087507963,0.588168979,2.12543869,0.439882517,2.843976259
38,178.0236835,0.651196837,1.395642161,0.429820776,1.399653912,0.660642385,2.10408473,0.439883798,2.042946339,0.604793131,2.10408473,0.439883798,2.784898996
39,179.9714997,0.638074756,1.069912076,0.429972559,1.073392153,0.648182094,1.862668395,0.439518541,1.745292783,0.594064832,1.862668395,0.439518541,2.543563128
40,143.2055143,0.63774693,0.895349026,0.432879686,0.894463539,0.738570452,1.27962625,0.358320177,1.278728247,0.578497231,1.27962625,0.358320177,1.761448026
41,151.8560902,0.639582276,0.727793813,0.448164374,0.698383152,0.705030322,1.288129449,0.37301141,1.02881062,0.548976779,1.288129449,0.37301141,1.815598845
42,175.2050633,0.618539989,0.620834053,0.447520584,0.59072125,0.620734513,1.191559553,0.382900983,0.972803831,0.52493763,1.191559553,0.382900983,1.616828442
43,173.6470346,0.572516859,0.687991202,0.426258743,0.653486311,0.597211838,1.113069773,0.388737947,1.019641995,0.504003525,1.113069773,0.388737947,1.750799537
44,176.562613,0.555647314,0.671313524,0.422405958,0.670092165,0.570612967,1.007878065,0.403190672,0.995189726,0.514510214,1.007878065,0.403190672,1.67001009
45,177.734676,0.541845918,0.612306714,0.41669029,0.601898789,0.543299913,0.940881968,0.402033985,0.932284713,0.480649948,0.940881968,0.402033985,1.570752501
46,-176.7177633,0.537045002,0.608644187,0.415933371,0.602034271,0.515069127,0.944823205,0.401928812,0.942202866,0.460435152,0.944823205,0.401928812,1.463062048
47,-177.5574409,0.530176461,0.581570327,0.416768551,0.5774405,0.511564314,0.909923971,0.402206004,0.915664494,0.467209876,0.909923971,0.402206004,1.424715638
48,-173.300318,0.44742173,0.514549673,0.431567609,0.524426818,0.427235186,0.880976558,0.457009703,0.885745227,0.415188015,0.880976558,0.457009703,1.322417259
49,-177.7145332,0.478336006,0.412255019,0.396954864,0.410798103,0.463664144,0.872806191,0.416928619,0.873853385,0.443359077,0.872806191,0.416928619,1.428096533
50,180.0855521,0.44520846,0.403907508,0.401212931,0.408833057,0.449454248,0.914269447,0.41291219,0.865205407,0.407882601,0.914269447,0.41291219,1.383016825
51,-176.9906202,0.410726219,0.269610137,0.414333165,0.295326203,0.399052233,0.772199988,0.439902693,0.770341516,0.370685935,0.772199988,0.439902693,1.265690327
52,-179.819085,0.406445175,0.392046809,0.445161521,0.395214856,0.395553261,0.818615198,0.472706497,0.824442625,0.358994395,0.818615198,0.472706497,1.246688604
53,176.2075116,0.424569756,0.512777209,0.444877326,0.509123743,0.426990092,0.831479311,0.447985411,0.875395358,0.398042351,0.831479311,0.447985411,1.339440465
54,169.2386826,0.428726017,0.580581129,0.449483395,0.586854637,0.441661775,0.882626772,0.445451587,0.892791986,0.401233256,0.882626772,0.445451587,1.34535706
55,171.582364,0.450716794,0.576773584,0.459310621,0.57910651,0.454909712,0.87784493,0.458111852,0.885111094,0.472439229,0.87784493,0.458111852,1.343340755
56,-186.9296274,0.465245783,0.583761692,0.459379017,0.579690933,0.460676759,0.86936307,0.469960868,0.875421405,0.484609425,0.86936307,0.469960868,1.284182787
57,-185.6422863,0.477562577,0.589383423,0.46416387,0.586565495,0.462617308,0.862070382,0.47140947,0.88003546,0.485674053,0.862070382,0.47140947,1.228078961
58,-183.9807658,0.481718391,0.584780693,0.463438749,0.582470894,0.463467211,0.829345047,0.475097895,0.843888283,0.484508216,0.829345047,0.475097895,1.161505461
59,-184.3665847,0.483309835,0.580483139,0.461232185,0.567255378,0.463555574,0.82174021,0.474730551,0.830513656,0.47977829,0.82174021,0.474730551,1.155204892
60,-185.3873786,0.483370215,0.57894814,0.451911598,0.557551384,0.464057833,0.821145952,0.458459556,0.822543919,0.458743006,0.821145952,0.458459556,1.15955627
61,-188.1048322,0.481034756,0.582808256,0.430040359,0.557989776,0.470415771,0.837485254,0.417356431,0.833110392,0.458976805,0.837485254,0.417356431,1.170575619
62,171.2351113,0.469452381,0.581190646,0.39938876,0.554803133,0.472771108,0.845311403,0.388499886,0.838968515,0.460119545,0.845311403,0.388499886,1.159078598
63,166.4086374,0.460544765,0.579398274,0.382890522,0.547111988,0.484907478,0.848359942,0.37502858,0.840366364,0.467974484,0.848359942,0.37502858,1.173927426
64,172.0288614,0.458327681,0.565364301,0.379543215,0.530011594,0.481630236,0.850822687,0.373781234,0.838137984,0.472941577,0.850822687,0.373781234,1.172796488
65,176.7929588,0.461528629,0.564367712,0.380596668,0.528126717,0.469079405,0.878201783,0.37098068,0.851563096,0.452970684,0.878201783,0.37098068,1.170077085
66,175.753187,0.463681281,0.561645746,0.38469854,0.517486453,0.468563944,0.878045917,0.359568298,0.810752809,0.449269861,0.878045917,0.359568298,1.121659279
67,176.5033197,0.473225534,0.560262263,0.390446126,0.514888704,0.476030171,0.87938565,0.354664952,0.7852512,0.451234281,0.87938565,0.354664952,0.975073338
68,173.1216391,0.483736992,0.560451627,0.393239558,0.513076842,0.487563908,0.891878426,0.350491524,0.802665651,0.436425686,0.891878426,0.350491524,1.05632031
69,171.0608043,0.485957235,0.551667988,0.389384747,0.50624913,0.494460434,0.910271883,0.344144285,0.827308059,0.440501839,0.910271883,0.344144285,1.12066102
70,154.841544,0.48269558,0.533605516,0.36552006,0.498800308,0.546114147,0.888325512,0.327932596,0.848169267,0.487938643,0.888325512,0.327932596,1.190136909
71,152.227519,0.48007378,0.537936807,0.352879405,0.503750205,0.576095939,0.865685463,0.33176589,0.799066305,0.547900259,0.865685463,0.33176589,1.202929854
72,89.27070563,0.485187709,0.593404949,0.358101547,0.560947716,0.58068049,0.95151937,0.342557013,0.942868233,0.555580497,0.95151937,0.342557013,1.166457176
73,66.33039593,0.510801435,0.679684222,0.365981519,0.629121363,0.630357385,0.996208191,0.328206778,0.953152537,0.525050998,0.996208191,0.328206778,1.147293568
74,63.3384364,0.531049013,0.783859789,0.369165003,0.75652653,0.683761001,0.997844934,0.289557666,1.002448201,0.34674722,0.997844934,0.289557666,1.196015835
75,70.60339672,0.533798575,0.908324182,0.372500747,0.885643423,0.651603222,1.18464458,0.297484696,1.173171043,0.32600677,1.18464458,0.297484696,1.372670054
76,117.9604514,0.545383334,0.975308418,0.373775989,0.967860818,0.656523705,1.351332903,0.313939244,1.405979633,0.38052398,1.351332903,0.313939244,1.76474607
77,158.0232494,0.547576547,1.100827456,0.375851333,1.029177547,0.610718548,1.654308796,0.354355395,1.60414803,0.423285484,1.654308796,0.354355395,2.153973818
78,171.3347979,0.56361258,1.093387365,0.381247491,1.026448369,0.598624229,1.701705456,0.384979188,1.63595736,0.507924318,1.701705456,0.384979188,2.263914824
79,167.9764376,0.557996631,1.102326751,0.38121444,1.037167549,0.597282588,1.691406965,0.382077754,1.612888932,0.493699074,1.691406965,0.382077754,2.258195162
80,172.3626769,0.553603411,1.096802235,0.380490839,1.042856574,0.591762483,1.682395935,0.384646803,1.649744511,0.509478033,1.682395935,0.384646803,2.310872316
81,175.9960758,0.55055058,1.028229952,0.380463779,1.017614841,0.589402556,1.694244862,0.381539017,1.61459589,0.534237146,1.694244862,0.381539017,2.280576229
82,173.8366268,0.554615915,1.005847573,0.380572945,1.008831739,0.595527709,1.675660491,0.379549623,1.588907242,0.530191004,1.675660491,0.379549623,2.24557066
83,173.7948228,0.555713177,0.993516207,0.380720615,1.00472796,0.605800688,1.65115869,0.38721016,1.5714674,0.547174811,1.65115869,0.38721016,2.229043007
84,171.7696454,0.558020771,0.987624109,0.382629782,1.003000379,0.611269057,1.617200613,0.390634954,1.569364548,0.540726662,1.617200613,0.390634954,2.22600317
85,158.9560396,0.556429029,0.980913222,0.381596148,1.00252533,0.667452455,1.526541352,0.383885622,1.53489399,0.553635478,1.526541352,0.383885622,2.187079906
86,158.765507,0.55377543,0.978229165,0.376035988,0.991714716,0.657077014,1.500357389,0.377777517,1.514971614,0.552357912,1.500357389,0.377777517,2.155425072
87,159.7987672,0.554135323,0.977537036,0.373807788,0.992253304,0.65074861,1.500175953,0.365907311,1.523578167,0.545736492,1.500175953,0.365907311,2.179811478
88,155.1801384,0.553180516,0.97495687,0.364943892,0.991308689,0.66896075,1.454670668,0.352639019,1.526077151,0.541706443,1.454670668,0.352639019,2.207582474
89,157.5900246,0.552560925,0.971678853,0.361179709,0.987795711,0.666015983,1.460380554,0.339327633,1.518348336,0.555065453,1.460380554,0.339327633,2.181897402
90,159.02965,0.552731931,0.952626109,0.362728298,0.984800994,0.662290394,1.465431094,0.339174569,1.514669776,0.564132631,1.465431094,0.339174569,2.176584959
91,150.2954675,0.554016411,0.956546962,0.363046706,0.984161973,0.694095492,1.449185371,0.328035176,1.518578887,0.560051978,1.449185371,0.328035176,2.199253321
92,154.2293443,0.560653567,0.952064514,0.375645489,0.978193521,0.685513914,1.469298959,0.357439458,1.515706539,0.565646768,1.469298959,0.357439458,2.188220978
93,157.3487709,0.564506412,0.950776339,0.380546689,0.973814905,0.679665506,1.492343783,0.365663886,1.514759541,0.565191388,1.492343783,0.365663886,2.207405329
94,157.5617432,0.565091908,0.956626236,0.383788943,0.973836601,0.677437842,1.500093222,0.364902318,1.513658524,0.555904746,1.500093222,0.364902318,2.212135553
95,161.4697044,0.564102054,0.959102035,0.384219676,0.966079712,0.657755435,1.503911853,0.36173147,1.512320757,0.550448954,1.503911853,0.36173147,2.203921795
96,166.7968508,0.563731611,0.968505502,0.384154022,0.966806531,0.632314801,1.553637981,0.374909252,1.53466785,0.534362733,1.553637981,0.374909252,2.199186087
97,87.50188504,0.563500524,0.892360687,0.383936882,0.896238089,0.697277188,0.906324506,0.373313159,1.123046756,0.625133395,0.906324506,0.373313159,1.590499759
98,118.4035995,0.566409945,0.708328485,0.393251181,0.714599788,0.696729302,0.880316854,0.34991318,0.852503538,0.559498608,0.880316854,0.34991318,1.347368956
99,172.9337506,0.565820456,0.627092898,0.406922191,0.617276788,0.572761297,1.098331094,0.365685344,0.914217472,0.489846617,1.098331094,0.365685344,1.552042961
100,-182.1283813,0.547451258,0.434878826,0.407415718,0.46552074,0.538949192,0.807090104,0.409119844,0.794503808,0.50233829,0.807090104,0.409119844,1.289799213
101,-185.2347733,0.517926574,0.393418759,0.424713433,0.420542449,0.513579488,0.832728565,0.42967549,0.771881282,0.504589319,0.832728565,0.42967549,1.256169915
102,169.906263,0.501254439,0.403640479,0.423377097,0.442235023,0.522548676,0.744296491,0.431451887,0.756052256,0.508970439,0.744296491,0.431451887,1.195307255
103,169.567341,0.492646933,0.359012336,0.42166248,0.396657526,0.518505692,0.662808657,0.428504169,0.738553166,0.544833124,0.662808657,0.428504169,1.180840015
104,168.5070486,0.501028419,0.354930907,0.43811816,0.371115059,0.509370267,0.65426439,0.446473837,0.694598496,0.518098056,0.65426439,0.446473837,1.191609502
105,-187.3470355,0.491068661,0.413494736,0.439861625,0.418611646,0.4668715,0.757490695,0.438333601,0.741709828,0.413570493,0.757490695,0.438333601,1.111480594
106,-183.5858513,0.480483919,0.43432343,0.448844671,0.431932032,0.467435449,0.743396342,0.454067707,0.720991373,0.443283319,0.743396342,0.454067707,0.959527016
107,178.9844877,0.462597281,0.397859901,0.451239586,0.40588215,0.463302702,0.691532552,0.459187269,0.660875082,0.463849127,0.691532552,0.459187269,0.972380996
108,-141.5517171,0.459866107,0.643137693,0.451037884,0.714366972,0.449117422,0.678657591,0.460570037,0.709115446,0.462109238,0.678657591,0.460570037,0.633265376
109,172.6576124,0.449776888,0.616871417,0.447734445,0.6336959,0.460027784,0.719520569,0.455036461,0.697556138,0.43101868,0.719520569,0.455036461,0.844231606
110,-133.3347249,0.460578114,0.762910724,0.445658058,0.792253256,0.490296036,0.67846477,0.453910112,0.668131113,0.448216736,0.67846477,0.453910112,0.530271113
111,149.7530598,0.464757532,0.449306071,0.448219359,0.439671159,0.491226196,0.700799108,0.456005663,0.650903761,0.476865292,0.700799108,0.456005663,0.849721193
112,164.6483751,0.469875097,0.337213486,0.459472835,0.340218693,0.489376307,0.607586682,0.469151646,0.601128459,0.496707767,0.607586682,0.469151646,0.917765915
113,171.3261472,0.480352491,0.335575163,0.463128388,0.32668975,0.485679388,0.578447521,0.469504267,0.58721596,0.50506103,0.578447521,0.469504267,0.927010596
114,171.6348217,0.479626477,0.338280231,0.463920444,0.330891758,0.480637699,0.568155646,0.469848394,0.569615602,0.500497043,0.568155646,0.469848394,0.92370826
115,-188.4737115,0.479969501,0.335694462,0.464221239,0.334791124,0.478630155,0.567754447,0.469275564,0.570768654,0.498614877,0.567754447,0.469275564,0.923121393
116,170.8903999,0.471301645,0.329780906,0.46542421,0.329119802,0.476622522,0.56382072,0.468455404,0.57069242,0.497305453,0.56382072,0.468455404,0.92271626
117,171.4719786,0.468467414,0.360414475,0.464351714,0.354815006,0.473699987,0.589535594,0.466615617,0.591853976,0.502089262,0.589535594,0.466615617,0.923002601
118,170.5492307,0.457677305,0.335195869,0.464292139,0.338898242,0.470818847,0.577795208,0.465852737,0.582978725,0.500914752,0.577795208,0.465852737,0.922416747
119,170.7054844,0.447982132,0.330504835,0.468342483,0.332876742,0.464672089,0.573153973,0.465612501,0.574581206,0.4933002,0.573153973,0.465612501,0.921107829
120,172.4896392,0.461584985,0.335878044,0.467434257,0.334776759,0.468022496,0.574574709,0.465277582,0.575302064,0.501479089,0.574574709,0.465277582,0.919783354
121,-185.6013674,0.471507847,0.338032871,0.462485224,0.337553412,0.469832569,0.575218141,0.46504879,0.579453468,0.502162635,0.575218141,0.46504879,0.920228124
122,-184.3899889,0.477878511,0.347233355,0.458790928,0.347491801,0.470582098,0.58123064,0.465015739,0.583654761,0.507183015,0.58123064,0.465015739,0.931931615
123,-184.6278196,0.478013575,0.351022393,0.458271682,0.352097034,0.471157402,0.584367871,0.464878947,0.58622086,0.509659648,0.584367871,0.464878947,0.93333149
124,-184.3134715,0.481405795,0.350706458,0.456347615,0.353191137,0.473140627,0.584943533,0.464774549,0.588733315,0.511684775,0.584943533,0.464774549,0.933780313
125,-184.8200953,0.482257694,0.352618039,0.45622164,0.354872525,0.474677026,0.586031616,0.465340793,0.590346336,0.512258708,0.586031616,0.465340793,0.933491766
126,-185.0961275,0.482119411,0.35386017,0.455976248,0.355942786,0.474910408,0.58683598,0.465260834,0.5912714,0.510917187,0.58683598,0.465260834,0.933588266
127,171.4711262,0.462196499,0.361316204,0.455980211,0.35967797,0.469779164,0.593179882,0.465357691,0.596333444,0.510719359,0.593179882,0.465357691,0.935449362
128,170.4785809,0.447735161,0.369337112,0.452649921,0.360980809,0.46618548,0.595509827,0.462053686,0.603818238,0.51683557,0.595509827,0.462053686,0.942409575
129,171.5421778,0.444868624,0.368483394,0.449221939,0.359044254,0.463587582,0.590884805,0.459657013,0.60294807,0.51703465,0.590884805,0.459657013,0.941594958
130,172.4622809,0.445676416,0.363604218,0.446510077,0.356642395,0.46388483,0.589156985,0.45660001,0.602907062,0.521130204,0.589156985,0.45660001,0.940801263
131,172.1484147,0.443430722,0.363134712,0.445289761,0.355003864,0.463282824,0.589439034,0.456949294,0.602523863,0.519737244,0.589439034,0.456949294,0.938014746
132,171.4664534,0.44149071,0.361610234,0.443650723,0.355159283,0.463747174,0.589527011,0.459393203,0.599777341,0.518965065,0.589527011,0.459393203,0.93774569
133,170.5341124,0.437277168,0.36114338,0.43920368,0.355257392,0.463488907,0.590505958,0.458316654,0.599909604,0.518261254,0.590505958,0.458316654,0.937527478
134,170.3230537,0.432309777,0.359559894,0.433406413,0.355040848,0.463785231,0.588849783,0.455973297,0.597586095,0.522087812,0.588849783,0.455973297,0.937121809
135,169.8902521,0.430765957,0.360628635,0.429083049,0.359410167,0.464381635,0.590014994,0.45613867,0.599131107,0.521196067,0.590014994,0.45613867,0.937074304
136,165.7422855,0.422523558,0.378471792,0.425082207,0.380089134,0.468772262,0.600575566,0.475927204,0.603048444,0.52056843,0.600575566,0.475927204,0.939236879
137,158.720202,0.419213206,0.404908001,0.426293194,0.407000422,0.479005486,0.611981153,0.494673967,0.606684148,0.520230591,0.611981153,0.494673967,0.938991547
138,148.485497,0.42299819,0.434631765,0.424115509,0.443253964,0.498664796,0.609855413,0.501855731,0.609978318,0.523776591,0.609855413,0.501855731,0.940101802
139,138.3195827,0.419972748,0.476053566,0.421635091,0.47807315,0.507758141,0.619228005,0.514122248,0.614936471,0.522711694,0.619228005,0.514122248,0.941848099
140,127.866001,0.416174263,0.495151639,0.414866447,0.501847863,0.512707829,0.619145215,0.516848385,0.620435178,0.505444646,0.619145215,0.516848385,0.941691101
141,119.609208,0.40658778,0.521258473,0.411569595,0.530636907,0.511239052,0.626998484,0.519128919,0.621681869,0.499342293,0.626998484,0.519128919,0.941948533
142,118.7758108,0.400430053,0.549504876,0.406918347,0.554236114,0.505396187,0.65505594,0.521533906,0.620646358,0.499713987,0.65505594,0.521533906,0.93864727
143,118.1464803,0.393153131,0.536898732,0.392564237,0.542233348,0.507448852,0.65078187,0.519073129,0.620011032,0.501695454,0.65078187,0.519073129,0.934740901
144,124.9822251,0.390371501,0.506246984,0.395657003,0.510837436,0.506330669,0.649666488,0.514015079,0.617890477,0.503100634,0.649666488,0.514015079,0.932122231
145,132.9663305,0.39195177,0.457262635,0.398917586,0.459047109,0.498422235,0.615326524,0.511661708,0.615540385,0.51676333,0.615326524,0.511661708,0.924018025
146,145.8761959,0.401588053,0.390955895,0.401044309,0.394573182,0.490866095,0.590085208,0.492859036,0.612856269,0.519298136,0.590085208,0.492859036,0.923613667
147,164.7830554,0.422163785,0.335442096,0.41870594,0.326892048,0.469848156,0.584586799,0.470166057,0.603431046,0.519245386,0.584586799,0.470166057,0.927202284
148,166.4228002,0.428203523,0.311869353,0.44062686,0.302282721,0.471985191,0.574524701,0.467422068,0.598323464,0.518855214,0.574524701,0.467422068,0.927842855
149,173.8625623,0.457807481,0.316660523,0.457299471,0.311277986,0.470030397,0.554416656,0.466974795,0.594701886,0.519473195,0.554416656,0.466974795,0.927619576
150,171.6948459,0.447786808,0.328866988,0.463692009,0.315547913,0.468905032,0.566244066,0.470180213,0.593240976,0.511707067,0.566244066,0.470180213,0.930417955
151,169.8990313,0.438949823,0.328527987,0.4612225,0.315634757,0.467277706,0.569488168,0.472842842,0.590025604,0.508341849,0.569488168,0.472842842,0.934353232
152,172.3472258,0.44765687,0.32855323,0.460965574,0.323372573,0.466329277,0.573068261,0.474338621,0.591436505,0.508571982,0.573068261,0.474338621,0.935433209
153,173.0947664,0.442749172,0.342303127,0.458698124,0.337772042,0.460125864,0.579005837,0.47551316,0.591614068,0.508812249,0.579005837,0.47551316,0.935757101
154,172.0505538,0.440477312,0.346520156,0.454834878,0.343879968,0.461513191,0.592517555,0.47492972,0.596366048,0.508927345,0.592517555,0.47492972,0.939753294
155,166.0004525,0.440571845,0.358758241,0.444125801,0.354239941,0.475563943,0.603683829,0.487004697,0.60468781,0.512937963,0.603683829,0.487004697,0.939681411
156,158.2344343,0.43060416,0.39016816,0.430523306,0.390179485,0.486465365,0.612441182,0.499587774,0.607417345,0.514579952,0.612441182,0.499587774,0.939535379
157,147.0800876,0.417069256,0.432113379,0.421836138,0.432583451,0.497341722,0.62444675,0.511265099,0.611299813,0.515153289,0.62444675,0.511265099,0.939468026
158,134.2731137,0.412079096,0.475094944,0.416101396,0.478319854,0.506605685,0.623262584,0.514742136,0.614923418,0.511802077,0.623262584,0.514742136,0.93952626
159,122.1403946,0.410893977,0.518234313,0.406976372,0.520675898,0.51108104,0.62323302,0.514550567,0.614882112,0.511503339,0.62323302,0.514550567,0.939588249
160,110.6326652,0.404677391,0.546101868,0.399978876,0.546713769,0.512546659,0.62287426,0.516831398,0.615068972,0.506979465,0.62287426,0.516831398,0.939562976
161,100.1958536,0.391479075,0.568059087,0.392396331,0.578971028,0.508479238,0.62126565,0.516853929,0.616697371,0.504702568,0.62126565,0.516853929,0.939586639
162,98.39145754,0.389975786,0.566679239,0.384221405,0.57581085,0.507548928,0.614710748,0.514045417,0.61642158,0.496513307,0.614710748,0.514045417,0.93703568
163,111.2339758,0.384323418,0.529349267,0.386942148,0.534015596,0.5053581,0.614648223,0.5135023,0.612737298,0.497968912,0.614648223,0.5135023,0.921498775
164,137.4837989,0.390036881,0.448325127,0.393096477,0.446692884,0.488920599,0.60482794,0.504429698,0.609574318,0.515718699,0.60482794,0.504429698,0.922063529
165,149.7458127,0.396943271,0.38700825,0.399036974,0.367128342,0.483014345,0.597011209,0.493259102,0.600645542,0.519597173,0.597011209,0.493259102,0.921898961
166,161.9612256,0.413600445,0.352480114,0.422352791,0.334633261,0.473056078,0.590902209,0.482820094,0.596660495,0.518904328,0.590902209,0.482820094,0.919820905
167,168.0833932,0.432270616,0.341965616,0.438016325,0.341072917,0.468285412,0.580353081,0.47162208,0.590916336,0.518027186,0.580353081,0.47162208,0.923467159
168,172.1353132,0.451282978,0.327408582,0.457668602,0.298863262,0.469392866,0.568021536,0.473411024,0.591741621,0.516191006,0.568021536,0.473411024,0.929371536
169,175.2898144,0.463093817,0.304357439,0.469285965,0.264213294,0.46879524,0.574536443,0.473839045,0.592463732,0.51562053,0.574536443,0.473839045,0.933173478
170,175.3508049,0.471162736,0.34333095,0.466200769,0.32189396,0.471417516,0.589193165,0.46497649,0.593280613,0.511224627,0.589193165,0.46497649,0.938269138
171,171.2115225,0.456652701,0.359458417,0.45524773,0.341810822,0.472097456,0.617091596,0.469839811,0.599198997,0.509466588,0.617091596,0.469839811,0.942784965
172,170.8763468,0.460940361,0.366484493,0.459116638,0.350787193,0.47508806,0.614826322,0.473025143,0.607110322,0.509442866,0.614826322,0.473025143,0.945600152
173,170.8241227,0.458841026,0.368451685,0.458538771,0.349915713,0.475512832,0.614814222,0.473605961,0.607040286,0.509602427,0.614814222,0.473605961,0.944998503
174,171.9588345,0.455369651,0.324447751,0.462494373,0.322544366,0.472141743,0.613386691,0.4744564,0.604807854,0.508642375,0.613386691,0.4744564,0.94688189
175,168.5979364,0.434852511,0.340614855,0.460834652,0.323304564,0.470475197,0.607709408,0.475152254,0.60419178,0.509710968,0.607709408,0.475152254,0.946401358
176,168.8901041,0.435958087,0.33869347,0.46304661,0.328353405,0.470083892,0.603185833,0.478314221,0.604128301,0.509149194,0.603185833,0.478314221,0.94592452
177,170.674094,0.435379565,0.343747437,0.460946977,0.33848384,0.465221882,0.60264945,0.47818923,0.605142534,0.510177374,0.60264945,0.47818923,0.942960024
178,166.5557129,0.441156209,0.353006244,0.448281467,0.353236228,0.480234295,0.59817642,0.478221804,0.606463134,0.516132772,0.59817642,0.478221804,0.940908194
179,161.9100354,0.433123767,0.377200812,0.432530642,0.382425576,0.484430254,0.599293292,0.493322432,0.606930614,0.522969782,0.599293292,0.493322432,0.939986408
180,149.2685419,0.424139082,0.43010971,0.427694976,0.4420439,0.497864574,0.605017781,0.504757226,0.613797605,0.523412228,0.605017781,0.504757226,0.939950585
181,137.7482675,0.422144115,0.47916314,0.423805565,0.480343252,0.505798459,0.626650512,0.514036119,0.615765154,0.517400146,0.626650512,0.514036119,0.942094743
182,127.3977282,0.422885746,0.5077824,0.423592895,0.513328314,0.514033914,0.626932502,0.519759357,0.619773686,0.508875012,0.626932502,0.519759357,0.942047358
183,118.4561109,0.424169928,0.529667258,0.416514486,0.529198766,0.519933522,0.62419796,0.52101469,0.619599998,0.509052396,0.62419796,0.52101469,0.942187309
184,115.0385974,0.424972117,0.537272453,0.418540657,0.552691579,0.521839738,0.624403596,0.524174452,0.623683572,0.506261885,0.624403596,0.524174452,0.942432046
185,110.0182973,0.415646791,0.549968302,0.413513958,0.556695282,0.520125091,0.628544927,0.524749815,0.623164117,0.5065611,0.628544927,0.524749815,0.942270339
186,112.0249452,0.409534276,0.54065156,0.405984163,0.551832318,0.518260598,0.627535105,0.523839235,0.624666154,0.505642414,0.627535105,0.523839235,0.942159534
187,124.5625781,0.39993149,0.530044675,0.403884709,0.551154971,0.494916499,0.633509874,0.523645937,0.620678604,0.498316139,0.633509874,0.523645937,0.932858765
188,142.0535377,0.399635851,0.455915779,0.406551421,0.449109644,0.488281399,0.632204294,0.511365056,0.615410745,0.500247121,0.632204294,0.511365056,0.93119508
189,152.9000006,0.404278666,0.384607643,0.406448275,0.387773484,0.480067343,0.600392342,0.490049452,0.610151827,0.511824071,0.600392342,0.490049452,0.931496501
190,164.6537671,0.421415329,0.347480446,0.409435272,0.343073875,0.471195459,0.58736366,0.47135058,0.600992203,0.519959152,0.58736366,0.47135058,0.9306072
191,168.1626337,0.422777504,0.338082731,0.423777968,0.332945973,0.463446319,0.581642449,0.461737484,0.597362578,0.518995047,0.581642449,0.461737484,0.931279898
192,170.5205986,0.422888279,0.34903118,0.438693941,0.348945588,0.457158387,0.586722076,0.461576611,0.596750438,0.517753124,0.586722076,0.461576611,0.931586385
193,167.4695661,0.42039746,0.335544318,0.445655823,0.341755211,0.464141756,0.582701325,0.463610083,0.598311543,0.517531753,0.582701325,0.463610083,0.93712461
194,169.5304927,0.432046413,0.34381929,0.447113127,0.341725975,0.466029495,0.581415117,0.468148291,0.597646713,0.516957641,0.581415117,0.468148291,0.938216627
195,172.0139888,0.431049287,0.347851396,0.449499607,0.34489736,0.459829867,0.583955526,0.469246566,0.597712398,0.514169097,0.583955526,0.469246566,0.938201845
196,172.8773909,0.436517894,0.34288469,0.448073208,0.34547025,0.46189481,0.584871113,0.468321234,0.598813176,0.513941824,0.584871113,0.468321234,0.938202441
197,174.9274547,0.439975977,0.352636307,0.445270628,0.354748845,0.46298185,0.587985396,0.470089763,0.601153255,0.517648041,0.587985396,0.470089763,0.940064669
198,170.7314889,0.445399582,0.354895949,0.439599186,0.359468848,0.474262297,0.588973761,0.471322834,0.605790615,0.517418921,0.588973761,0.471322834,0.939901412
199,164.1022853,0.442084789,0.387581974,0.436304241,0.389470726,0.485539854,0.607962728,0.496303409,0.614909053,0.518663228,0.607962728,0.496303409,0.937533498
200,156.7213651,0.440830708,0.431824356,0.436251163,0.431270301,0.495384127,0.623409808,0.51052177,0.619942546,0.520781398,0.623409808,0.51052177,0.931776166
201,141.9480493,0.439451993,0.474587679,0.434708834,0.47343111,0.514148355,0.624868333,0.522067606,0.620461583,0.521063209,0.624868333,0.522067606,0.931876063
202,130.1831497,0.433253348,0.496534348,0.430616856,0.497704327,0.522963703,0.626059771,0.525101244,0.624112546,0.520660341,0.626059771,0.525101244,0.93304801
203,123.7258728,0.429188788,0.513967872,0.427444756,0.513950109,0.524506629,0.62652564,0.525907159,0.62545079,0.516724408,0.62652564,0.525907159,0.933775008
204,113.8842632,0.416383594,0.530582786,0.416022629,0.531748891,0.526854336,0.626068473,0.529534221,0.625275016,0.516336501,0.626068473,0.529534221,0.935052812
205,112.4259526,0.40925321,0.538067818,0.403784841,0.540475011,0.524225652,0.624857008,0.525832295,0.625832677,0.532250106,0.624857008,0.525832295,0.935962677
206,115.8726199,0.404906899,0.520382166,0.397719532,0.530806959,0.520718634,0.617308617,0.522811949,0.626025081,0.513894022,0.617308617,0.522811949,0.936130524
207,114.2516003,0.400405169,0.51669836,0.39667815,0.530196846,0.519720197,0.612748265,0.522474945,0.621175349,0.514890254,0.612748265,0.522474945,0.936041713
208,130.5500444,0.401494652,0.459742576,0.401133209,0.465180963,0.510326743,0.611053944,0.515551388,0.618846953,0.512708127,0.611053944,0.515551388,0.936000645
209,147.7675979,0.403263003,0.395989597,0.403496355,0.393745303,0.493071884,0.593472958,0.495676339,0.606458187,0.521383107,0.593472958,0.495676339,0.936604381
210,163.7981208,0.411575228,0.350668073,0.407688528,0.336778581,0.466440856,0.592780828,0.468680918,0.601489842,0.516974628,0.592780828,0.468680918,0.939295292
211,168.1435646,0.433731019,0.334989011,0.419099897,0.322729826,0.467515707,0.578756988,0.461825281,0.595610738,0.516638517,0.578756988,0.461825281,0.943193078
212,170.7716849,0.437629074,0.326857299,0.431546628,0.309216917,0.464417756,0.57230103,0.462215483,0.588482201,0.516228795,0.57230103,0.462215483,0.943074048
213,170.0544528,0.436594903,0.311497062,0.438586146,0.31526649,0.466121972,0.571094096,0.46326369,0.5911659,0.51619792,0.571094096,0.46326369,0.944482565
214,172.282054,0.442277431,0.312910855,0.442223877,0.307780474,0.463570923,0.56965059,0.462286472,0.588330686,0.514789939,0.56965059,0.462286472,0.945006788
215,171.2616043,0.439242363,0.325780302,0.443599373,0.320744991,0.46200794,0.572395027,0.464967966,0.589937449,0.511289716,0.572395027,0.464967966,0.944931805
216,171.0890129,0.441037238,0.326058924,0.442146599,0.325899452,0.463399231,0.574263752,0.466563761,0.590811014,0.511501908,0.574263752,0.466563761,0.944813728
217,171.2124334,0.44393307,0.334958851,0.442165136,0.333804905,0.464972585,0.575968862,0.466807067,0.59148258,0.509557962,0.575968862,0.466807067,0.943961024
218,170.3993476,0.447054386,0.339040488,0.442469984,0.337272465,0.47399348,0.583922029,0.470775843,0.596220016,0.509581506,0.583922029,0.470775843,0.943162978
219,165.4412652,0.445010245,0.369745076,0.441493034,0.370116264,0.482025802,0.599081397,0.491613448,0.606563032,0.511039197,0.599081397,0.491613448,0.940906703
220,157.0363631,0.433181703,0.408220321,0.439006895,0.409241855,0.490572393,0.619339943,0.507076859,0.613702893,0.515587747,0.619339943,0.507076859,0.931991518
221,141.4380705,0.432865143,0.457070529,0.432656586,0.453879684,0.516163468,0.622980773,0.516289234,0.622830987,0.524823308,0.622980773,0.516289234,0.932263076
222,130.4758324,0.427276194,0.488716543,0.42805624,0.490689963,0.522843957,0.621179461,0.521246314,0.622457862,0.522034526,0.621179461,0.521246314,0.933308601
223,122.5860783,0.426840156,0.513539433,0.42532897,0.520650923,0.525660634,0.621922374,0.524906754,0.625503838,0.515346944,0.621922374,0.524906754,0.936189294
224,113.2445343,0.426461995,0.540479183,0.418544471,0.546963632,0.530021667,0.628464699,0.529552221,0.632021487,0.515183985,0.628464699,0.529552221,0.940897703
225,113.1150325,0.415149748,0.536195695,0.406349361,0.538152456,0.526776671,0.632379174,0.528356373,0.631886184,0.511181951,0.632379174,0.528356373,0.942768276
226,119.1417296,0.401117265,0.505004883,0.406378418,0.508645952,0.522244573,0.629895627,0.523360372,0.629241884,0.509295821,0.629895627,0.523360372,0.941087008
227,139.4988862,0.395940095,0.441451937,0.406184852,0.441939086,0.499043852,0.623472571,0.513956368,0.621917784,0.51999253,0.623472571,0.513956368,0.935568988
228,160.7908654,0.40938583,0.370908231,0.404364675,0.354562014,0.469212234,0.594069123,0.470771849,0.603687048,0.521605253,0.594069123,0.470771849,0.933826268
229,171.0649201,0.426597536,0.341251642,0.406296909,0.331414282,0.4574067,0.581200004,0.440830559,0.593979239,0.5186131,0.581200004,0.440830559,0.925874829
230,167.8429498,0.431152195,0.315294504,0.407590091,0.320528865,0.469918072,0.584495783,0.430448383,0.594537437,0.508494854,0.584495783,0.430448383,0.929888129
231,170.8223799,0.458339065,0.318694353,0.408521414,0.304843217,0.475870758,0.586160362,0.414384782,0.597123623,0.476289034,0.586160362,0.414384782,0.942253888
232,162.4950548,0.455347598,0.344754606,0.405848831,0.331010401,0.492207766,0.587902486,0.406958252,0.597638547,0.483988196,0.587902486,0.406958252,0.946597457
233,173.9506773,0.461910158,0.323176771,0.393994391,0.309854835,0.478569895,0.589473188,0.397889882,0.594345152,0.453459829,0.589473188,0.397889882,0.959579468
234,-177.5650861,0.460272133,0.337882072,0.386891931,0.320997775,0.454628766,0.637517631,0.396770716,0.618545473,0.412675768,0.637517631,0.396770716,0.975549459
235,-179.9699425,0.461589247,0.349707156,0.373131871,0.331178337,0.439745665,0.718839765,0.383275688,0.685393691,0.372340262,0.718839765,0.383275688,1.028258443
236,-180.3950555,0.464322746,0.34392938,0.371224105,0.324937969,0.436813444,0.746793032,0.33899194,0.661962152,0.391464472,0.746793032,0.33899194,1.013634801
237,-181.6247668,0.465063006,0.320911527,0.354023993,0.301986933,0.437313646,0.7253111,0.322584569,0.695757568,0.399100095,0.7253111,0.322584569,1.159361839
238,-183.2502445,0.46273011,0.317611367,0.330567688,0.295052916,0.434399128,0.725797534,0.29172045,0.712862909,0.383232623,0.725797534,0.29172045,1.20238483
239,-178.6555328,0.444178522,0.260355175,0.292324543,0.277149796,0.420893759,0.703056872,0.268958062,0.696638703,0.410502106,0.703056872,0.268958062,1.230832577
240,-178.529367,0.439929545,0.236553252,0.290653884,0.272518575,0.429292291,0.696895838,0.26400736,0.631573677,0.420454741,0.696895838,0.26400736,1.237053156
241,179.1906078,0.465130389,0.24746117,0.311290234,0.263937294,0.465683997,0.704827607,0.266958117,0.632758558,0.480682671,0.704827607,0.266958117,1.248852849
242,177.4321365,0.497862488,0.274205834,0.320613444,0.299668998,0.503596544,0.781992435,0.294380486,0.749207735,0.486239046,0.781992435,0.294380486,1.264574885
243,187.7546029,0.543412149,0.282326043,0.375160724,0.313143522,0.592998743,0.757010221,0.361999273,0.761060834,0.699853241,0.757010221,0.361999273,1.238536119
244,174.5923292,0.52152735,0.288119942,0.372043639,0.306348354,0.566967726,0.745448828,0.360618114,0.734040856,0.591065764,0.745448828,0.360618114,1.209349871
245,176.6199406,0.521479368,0.277987838,0.36054942,0.306337893,0.545360625,0.741470575,0.359841496,0.758522213,0.550930023,0.741470575,0.359841496,1.205477476
246,174.7384324,0.516982019,0.307137072,0.361429691,0.319412827,0.540093303,0.739260197,0.36148113,0.742036164,0.538244367,0.739260197,0.36148113,1.204060078